,Player,Span,Mat,Inns,NO,Runs,HS,Ave,BF,SR,100,50,0,4s,6s
0,CA Walsh (WI),1984-2001,132,185,61,936,30*,7.54,2088,44.82,0,0,43,77,19
1,SCJ Broad (ENG),2007-2022,159,232,39,3550,169,18.39,5417,65.53,1,13,39,427,54
2,CS Martin (NZ),2000-2013,71,104,52,123,12*,2.36,615,20.00,0,0,36,15,0
3,GD McGrath (AUS),1993-2007,124,138,51,641,61,7.36,1570,40.82,0,1,35,51,1
4,I Sharma (INDIA),2007-2021,105,142,47,785,57,8.26,2568,30.56,0,1,34,88,1
5,SK Warne (AUS),1992-2007,145,199,17,3154,99,17.32,5470,57.65,0,12,34,353,37
6,M Muralidaran (ICC/SL),1992-2010,133,164,56,1261,67,11.67,1794,70.28,0,1,33,146,29
7,JM Anderson (ENG),2003-2022,175,245,106,1285,81,9.24,3262,39.39,0,1,31,173,3
8,Z Khan (INDIA),2000-2014,92,127,24,1231,75,11.95,2381,51.70,0,3,29,141,28
9,M Dillon (WI),1997-2004,38,68,3,549,43,8.44,1381,39.75,0,0,26,76,7
10,CEL Ambrose (WI),1988-2000,98,145,29,1439,53,12.40,3080,46.72,0,1,26,172,12
11,Danish Kaneria (PAK),2000-2010,61,84,33,360,29,7.05,743,48.45,0,0,25,46,3
12,DK Morrison (NZ),1987-1997,48,71,26,379,42,8.42,1696,22.34,0,0,24,35,1
13,BS Chandrasekhar (INDIA),1964-1979,58,80,39,167,22,4.07,345+,19.42*,0,0,23,12+,0
14,HMRKB Herath (SL),1999-2018,93,144,28,1699,80*,14.64,3405,49.89,0,3,23,201,6
15,ST Gabriel (WI),2012-2021,56,84,32,221,20*,4.25,635,34.80,0,0,22,28,5
16,M Morkel (SA),2006-2018,86,104,23,944,40,11.65,1858,50.80,0,0,22,143,5
17,MS Atapattu (SL),1990-2007,90,156,15,5502,249,39.02,12384+,44.42*,16,17,22,685,4
18,SR Waugh (AUS),1985-2004,168,260,46,10927,200,51.06,22461,48.64,32,50,22,1175,20
19,SJ Harmison (ENG/ICC),2002-2009,63,86,23,743,49*,11.79,1299,57.19,0,0,21,97,10
20,RAS Lakmal (SL),2010-2022,70,109,25,934,42,11.11,1936,48.24,0,0,21,114,12
21,M Ntini (SA),1998-2009,101,116,45,699,32*,9.84,1439,48.57,0,0,21,104,8
22,Waqar Younis (PAK),1989-2003,87,120,21,1010,45,10.20,2106,47.95,0,0,21,133,16
23,MS Panesar (ENG),2006-2013,50,68,23,220,26,4.88,749,29.37,0,0,20,23,1
24,BS Bedi (INDIA),1966-1979,67,101,28,656,50*,8.98,600+,43.16*,0,1,20,51+,3
25,DL Vettori (ICC/NZ),1997-2014,113,174,23,4531,140,30.00,7787,58.18,6,23,20,556,17
26,MA Atherton (ENG),1989-2001,115,212,7,7728,185*,37.69,20609,37.49,16,46,20,904,4
27,K Rabada (SA),2015-2022,55,84,14,834,47,11.91,1704,48.94,0,0,19,110,14
28,FH Edwards (WI),2003-2012,55,88,28,394,30,6.56,1397,28.20,0,0,19,48,2
29,MJ Hoggard (ENG),2000-2008,67,92,27,473,38,7.27,2090,22.63,0,0,19,42,0
30,AR Caddick (ENG),1993-2003,62,95,12,861,49*,10.37,2506,34.35,0,0,19,102,7
31,MG Johnson (AUS),2007-2015,73,109,16,2065,123*,22.20,3536,58.39,1,11,19,247,31
32,Wasim Bari (PAK),1967-1984,81,112,26,1366,85,15.88,1755+,33.50*,0,6,19,96+,2
33,DL Underwood (ENG),1966-1982,86,116,35,937,45*,11.56,2456+,35.99*,0,0,19,91+,0
34,Harbhajan Singh (INDIA),1998-2015,103,145,23,2224,115,18.22,3432,64.80,2,9,19,277,42
35,ME Waugh (AUS),1991-2002,128,209,17,8029,153*,41.81,15360,52.27,20,47,19,844,41
36,Younis Khan (PAK),2000-2017,118,213,19,10099,313,52.05,19375,52.12,34,33,19,1082,70
37,N Pradeep (SL),2011-2017,28,50,17,132,17*,4.00,361,36.56,0,0,18,19,0
38,Mohammed Shami (INDIA),2013-2022,60,84,25,685,56*,11.61,928,73.81,0,2,18,76,22
39,Azhar Ali (PAK),2010-2022,95,176,11,7030,302*,42.60,16832,41.76,19,35,18,679,22
40,IA Healy (AUS),1988-1999,119,182,23,4356,161*,27.39,8760,49.72,4,22,18,425,5
41,GP Wickramasinghe (SL),1991-2001,40,64,5,555,51,9.40,1105,50.22,0,1,17,69,4
42,J Garner (WI),1977-1987,58,68,14,672,60,12.44,1146+,48.08*,0,1,17,55+,15
43,JA Snow (ENG),1965-1976,49,71,14,772,73,13.54,1951+,35.98*,0,2,17,73+,4
44,AA Donald (SA),1992-2002,72,94,33,652,37,10.68,1856,35.12,0,0,17,66,0
45,PM Siddle (AUS),2008-2019,67,94,15,1164,51,14.73,2468,47.16,0,2,17,125,4
46,KAJ Roach (WI),2009-2022,73,116,24,1101,41,11.96,2888,38.12,0,0,17,132,13
47,A Flintoff (ENG/ICC),1998-2009,79,130,9,3845,167,31.77,6197,62.04,5,26,17,513,82
48,TG Evans (ENG),1946-1959,91,133,14,2439,104,20.49,600+,45.50*,2,8,17,191+,7
49,Wasim Akram (PAK),1985-2002,104,147,19,2898,257*,22.64,5389+,52.82*,3,7,17,324+,57
50,A Kumble (INDIA),1990-2008,132,173,32,2506,110*,17.77,6455,38.82,1,5,17,302,9
51,MV Boucher (ICC/SA),1997-2012,147,206,24,5515,125,30.30,11005,50.11,5,35,17,656,20
52,BC Lara (ICC/WI),1990-2006,131,232,6,11953,400*,52.88,19753,60.51,34,48,17,1559,88
53,RT Ponting (AUS),1995-2012,168,287,29,13378,257,51.85,22782,58.72,41,62,17,1509,73
54,DE Malcolm (ENG),1989-1997,40,58,19,236,29,6.05,515,45.82,0,0,16,31,7
55,N Wagner (NZ),2012-2022,59,76,21,779,66*,14.16,1563,49.84,0,1,16,90,29
56,JE Emburey (ENG),1978-1995,64,96,20,1713,75,22.53,4811,35.60,0,10,16,195,6
57,KR Rutherford (NZ),1985-1995,56,99,8,2465,107*,27.08,5354,46.04,3,18,16,314,15
58,Mohammad Ashraful (BAN),2001-2013,61,119,5,2737,190,24.00,5940,46.07,6,8,16,335,22
59,GW Flower (ZIM),1992-2004,67,123,6,3457,201*,29.54,10013,34.52,6,15,16,349,16
60,MW Gatting (ENG),1978-1995,79,138,14,4409,207,35.55,9764,45.15,10,21,16,552,11
61,NM Lyon (AUS),2011-2022,110,140,42,1247,47,12.72,2468,50.52,0,0,16,157,12
62,JM Bairstow (ENG),2012-2022,89,159,11,5482,167*,37.04,9520,57.58,12,23,16,648,46
63,V Sehwag (ICC/INDIA),2001-2013,104,180,6,8586,319,49.34,10441,82.23,23,32,16,1233,91
64,N Kapil Dev (INDIA),1978-1994,131,184,15,5248,163,31.05,5192+,79.33*,8,27,16,557+,61
65,SP Fleming (NZ),1994-2008,111,189,10,7172,274*,40.06,15652,45.82,9,46,16,917,26
66,DC Boon (AUS),1984-1996,107,190,20,7422,200,43.65,18116,40.96,21,32,16,822,2
67,JH Kallis (ICC/SA),1995-2013,166,280,40,13289,224,55.37,28903,45.97,45,58,16,1488,97
68,JJ Bumrah (INDIA),2018-2022,30,46,17,212,34*,7.31,455,46.59,0,0,15,24,6
69,DBL Powell (WI),2002-2009,37,57,5,407,36*,7.82,1141,35.67,0,0,15,50,4
70,PCR Tufnell (ENG),1990-2001,42,59,29,153,22*,5.10,690,22.17,0,0,15,13,0
71,Umar Gul (PAK),2003-2013,47,67,9,577,65*,9.94,1204,47.92,0,1,15,63,20
72,MA Holding (WI),1975-1987,60,76,10,910,73,13.78,1185+,58.98*,0,6,15,78+,36
73,EAS Prasanna (INDIA),1962-1978,49,84,20,735,37,11.48,810+,38.76*,0,0,15,65+,0
74,GD McKenzie (AUS),1961-1971,60,89,12,945,76,12.27,964+,34.02*,0,2,15,64+,16
75,MD Marshall (WI),1978-1991,81,107,11,1810,92,18.85,3163+,52.73*,0,10,15,189+,18
76,HH Streak (ZIM),1993-2005,65,107,18,1990,127*,22.35,5369,37.06,1,11,15,212,12
77,LR Gibbs (WI),1958-1976,79,109,39,488,25,6.97,582+,28.17*,0,0,15,24+,0
78,MM Ali (ENG),2014-2021,64,111,8,2914,155*,28.29,5697,51.14,5,14,15,355,30
79,TG Southee (NZ),2008-2022,88,126,11,1855,77*,16.13,2240,82.81,0,5,15,187,76
80,KC Brathwaite (WI),2011-2022,79,152,10,4893,212,34.45,12195,40.12,10,27,15,484,11
81,AJ Strauss (ENG),2004-2012,100,178,6,7037,177,40.91,14385,48.91,21,27,15,867,10
82,CH Gayle (WI),2000-2014,103,182,11,7214,333,42.18,11970,60.26,15,37,15,1046,98
83,DB Vengsarkar (INDIA),1976-1992,116,185,22,6868,166,42.13,10810+,41.56*,17,35,15,509+,17
84,ST Jayasuriya (SL),1991-2007,110,188,14,6973,340,40.07,10698,65.18,14,31,15,910,59
85,Inzamam-ul-Haq (ICC/PAK),1992-2007,120,200,22,8830,329,49.60,16345,54.02,25,46,15,1105,48
86,DPMD Jayawardene (SL),1997-2014,149,252,15,11814,374,49.84,22959,51.45,34,50,15,1387,61
87,S Chanderpaul (WI),1994-2015,164,280,49,11867,203*,51.37,27395,43.31,30,66,15,1285,36
